Key,Time without TXR,Time with TXR
512,0.34600400924682617,0.14452385902404785
1024,2.2445640563964844,0.7245290279388428
2048,16.54959273338318,4.844212055206299
4096,111.75307321548462,32.75873780250549
